<?xml version="1.0" encoding="UTF-8"?>
<java version="1.7.0_11" class="java.beans.XMLDecoder">
 <int>60</int>
 <object class="JavaIITask.Employee">
  <void property="department">
   <string>CEO</string>
  </void>
  <void property="email">
   <string>Cameron Sweet@ornare.com</string>
  </void>
  <void property="employeeId">
   <int>1</int>
  </void>
  <void property="name">
   <string>Cameron Sweet</string>
  </void>
  <void property="phone">
   <string>1-917-723-3496</string>
  </void>
  <void property="supervisorId">
   <int>-1</int>
  </void>
 </object>
 <object class="JavaIITask.Employee">
  <void property="department">
   <string>Sales and Marketing</string>
  </void>
  <void property="email">
   <string>Perry Rocha@ornare.com</string>
  </void>
  <void property="employeeId">
   <int>2</int>
  </void>
  <void property="name">
   <string>Perry Rocha</string>
  </void>
  <void property="phone">
   <string>1-740-185-9436</string>
  </void>
  <void property="supervisorId">
   <int>1</int>
  </void>
 </object>
 <object class="JavaIITask.Employee">
  <void property="department">
   <string>Human Resources</string>
  </void>
  <void property="email">
   <string>Castor Church@ornare.com</string>
  </void>
  <void property="employeeId">
   <int>3</int>
  </void>
  <void property="name">
   <string>Castor Church</string>
  </void>
  <void property="phone">
   <string>1-429-914-2859</string>
  </void>
  <void property="supervisorId">
   <int>1</int>
  </void>
 </object>
 <object class="JavaIITask.Employee">
  <void property="department">
   <string>Customer Service</string>
  </void>
  <void property="email">
   <string>Herrod Buckley@ornare.com</string>
  </void>
  <void property="employeeId">
   <int>4</int>
  </void>
  <void property="name">
   <string>Herrod Buckley</string>
  </void>
  <void property="phone">
   <string>1-832-361-8662</string>
  </void>
  <void property="supervisorId">
   <int>1</int>
  </void>
 </object>
 <object class="JavaIITask.Employee">
  <void property="department">
   <string>Customer Relations</string>
  </void>
  <void property="email">
   <string>Price Mosley@ornare.com</string>
  </void>
  <void property="employeeId">
   <int>5</int>
  </void>
  <void property="name">
   <string>Price Mosley</string>
  </void>
  <void property="phone">
   <string>1-302-599-0159</string>
  </void>
  <void property="supervisorId">
   <int>1</int>
  </void>
 </object>
 <object class="JavaIITask.Employee">
  <void property="department">
   <string>Customer Service</string>
  </void>
  <void property="email">
   <string>Trevor Martin@ornare.com</string>
  </void>
  <void property="employeeId">
   <int>6</int>
  </void>
  <void property="name">
   <string>Trevor Martin</string>
  </void>
  <void property="phone">
   <string>1-235-147-6475</string>
  </void>
  <void property="supervisorId">
   <int>4</int>
  </void>
 </object>
 <object class="JavaIITask.Employee">
  <void property="department">
   <string>Media Relations</string>
  </void>
  <void property="email">
   <string>Edan Chapman@ornare.com</string>
  </void>
  <void property="employeeId">
   <int>7</int>
  </void>
  <void property="name">
   <string>Edan Chapman</string>
  </void>
  <void property="phone">
   <string>1-146-700-5606</string>
  </void>
  <void property="supervisorId">
   <int>2</int>
  </void>
 </object>
 <object class="JavaIITask.Employee">
  <void property="department">
   <string>Research and Development</string>
  </void>
  <void property="email">
   <string>Dorian Hunt@ornare.com</string>
  </void>
  <void property="employeeId">
   <int>8</int>
  </void>
  <void property="name">
   <string>Dorian Hunt</string>
  </void>
  <void property="phone">
   <string>1-605-761-7242</string>
  </void>
  <void property="supervisorId">
   <int>1</int>
  </void>
 </object>
 <object class="JavaIITask.Employee">
  <void property="department">
   <string>Sales and Marketing</string>
  </void>
  <void property="email">
   <string>Alden Wright@ornare.com</string>
  </void>
  <void property="employeeId">
   <int>9</int>
  </void>
  <void property="name">
   <string>Alden Wright</string>
  </void>
  <void property="phone">
   <string>1-675-748-2612</string>
  </void>
  <void property="supervisorId">
   <int>2</int>
  </void>
 </object>
 <object class="JavaIITask.Employee">
  <void property="department">
   <string>Public Relations</string>
  </void>
  <void property="email">
   <string>Tate Sheppard@ornare.com</string>
  </void>
  <void property="employeeId">
   <int>10</int>
  </void>
  <void property="name">
   <string>Tate Sheppard</string>
  </void>
  <void property="phone">
   <string>1-863-780-9026</string>
  </void>
  <void property="supervisorId">
   <int>2</int>
  </void>
 </object>
 <object class="JavaIITask.Employee">
  <void property="department">
   <string>Advertising</string>
  </void>
  <void property="email">
   <string>Jin Hendricks@ornare.com</string>
  </void>
  <void property="employeeId">
   <int>11</int>
  </void>
  <void property="name">
   <string>Jin Hendricks</string>
  </void>
  <void property="phone">
   <string>1-722-712-9712</string>
  </void>
  <void property="supervisorId">
   <int>2</int>
  </void>
 </object>
 <object class="JavaIITask.Employee">
  <void property="department">
   <string>Research and Development</string>
  </void>
  <void property="email">
   <string>Shad Figueroa@ornare.com</string>
  </void>
  <void property="employeeId">
   <int>12</int>
  </void>
  <void property="name">
   <string>Shad Figueroa</string>
  </void>
  <void property="phone">
   <string>1-854-142-2670</string>
  </void>
  <void property="supervisorId">
   <int>8</int>
  </void>
 </object>
 <object class="JavaIITask.Employee">
  <void property="department">
   <string>Advertising</string>
  </void>
  <void property="email">
   <string>Chancellor Lucas@ornare.com</string>
  </void>
  <void property="employeeId">
   <int>13</int>
  </void>
  <void property="name">
   <string>Chancellor Lucas</string>
  </void>
  <void property="phone">
   <string>1-929-256-8614</string>
  </void>
  <void property="supervisorId">
   <int>11</int>
  </void>
 </object>
 <object class="JavaIITask.Employee">
  <void property="department">
   <string>Advertising</string>
  </void>
  <void property="email">
   <string>Allen Lynch@ornare.com</string>
  </void>
  <void property="employeeId">
   <int>14</int>
  </void>
  <void property="name">
   <string>Allen Lynch</string>
  </void>
  <void property="phone">
   <string>1-421-117-1522</string>
  </void>
  <void property="supervisorId">
   <int>11</int>
  </void>
 </object>
 <object class="JavaIITask.Employee">
  <void property="department">
   <string>Finances</string>
  </void>
  <void property="email">
   <string>Hop Gentry@ornare.com</string>
  </void>
  <void property="employeeId">
   <int>15</int>
  </void>
  <void property="name">
   <string>Hop Gentry</string>
  </void>
  <void property="phone">
   <string>1-954-760-0911</string>
  </void>
  <void property="supervisorId">
   <int>1</int>
  </void>
 </object>
 <object class="JavaIITask.Employee">
  <void property="department">
   <string>Accounting</string>
  </void>
  <void property="email">
   <string>Zephania Underwood@ornare.com</string>
  </void>
  <void property="employeeId">
   <int>16</int>
  </void>
  <void property="name">
   <string>Zephania Underwood</string>
  </void>
  <void property="phone">
   <string>1-175-185-2961</string>
  </void>
  <void property="supervisorId">
   <int>15</int>
  </void>
 </object>
 <object class="JavaIITask.Employee">
  <void property="department">
   <string>Finances</string>
  </void>
  <void property="email">
   <string>Adrian Landry@ornare.com</string>
  </void>
  <void property="employeeId">
   <int>17</int>
  </void>
  <void property="name">
   <string>Adrian Landry</string>
  </void>
  <void property="phone">
   <string>1-513-933-5507</string>
  </void>
  <void property="supervisorId">
   <int>15</int>
  </void>
 </object>
 <object class="JavaIITask.Employee">
  <void property="department">
   <string>Research and Development</string>
  </void>
  <void property="email">
   <string>Oscar Henderson@ornare.com</string>
  </void>
  <void property="employeeId">
   <int>18</int>
  </void>
  <void property="name">
   <string>Oscar Henderson</string>
  </void>
  <void property="phone">
   <string>1-277-533-5012</string>
  </void>
  <void property="supervisorId">
   <int>8</int>
  </void>
 </object>
 <object class="JavaIITask.Employee">
  <void property="department">
   <string>Asset Management</string>
  </void>
  <void property="email">
   <string>Avram Copeland@ornare.com</string>
  </void>
  <void property="employeeId">
   <int>19</int>
  </void>
  <void property="name">
   <string>Avram Copeland</string>
  </void>
  <void property="phone">
   <string>1-855-115-2338</string>
  </void>
  <void property="supervisorId">
   <int>15</int>
  </void>
 </object>
 <object class="JavaIITask.Employee">
  <void property="department">
   <string>Finances</string>
  </void>
  <void property="email">
   <string>Perry Kennedy@ornare.com</string>
  </void>
  <void property="employeeId">
   <int>20</int>
  </void>
  <void property="name">
   <string>Perry Kennedy</string>
  </void>
  <void property="phone">
   <string>1-886-409-7983</string>
  </void>
  <void property="supervisorId">
   <int>17</int>
  </void>
 </object>
 <object class="JavaIITask.Employee">
  <void property="department">
   <string>Media Relations</string>
  </void>
  <void property="email">
   <string>Zachery Leblanc@ornare.com</string>
  </void>
  <void property="employeeId">
   <int>21</int>
  </void>
  <void property="name">
   <string>Zachery Leblanc</string>
  </void>
  <void property="phone">
   <string>1-336-215-0402</string>
  </void>
  <void property="supervisorId">
   <int>8</int>
  </void>
 </object>
 <object class="JavaIITask.Employee">
  <void property="department">
   <string>Public Relations</string>
  </void>
  <void property="email">
   <string>Cameron Patterson@ornare.com</string>
  </void>
  <void property="employeeId">
   <int>22</int>
  </void>
  <void property="name">
   <string>Cameron Patterson</string>
  </void>
  <void property="phone">
   <string>1-838-332-4604</string>
  </void>
  <void property="supervisorId">
   <int>10</int>
  </void>
 </object>
 <object class="JavaIITask.Employee">
  <void property="department">
   <string>Sales and Marketing</string>
  </void>
  <void property="email">
   <string>Francis Baldwin@ornare.com</string>
  </void>
  <void property="employeeId">
   <int>23</int>
  </void>
  <void property="name">
   <string>Francis Baldwin</string>
  </void>
  <void property="phone">
   <string>1-964-200-2536</string>
  </void>
  <void property="supervisorId">
   <int>9</int>
  </void>
 </object>
 <object class="JavaIITask.Employee">
  <void property="department">
   <string>Accounting</string>
  </void>
  <void property="email">
   <string>Abraham Pruitt@ornare.com</string>
  </void>
  <void property="employeeId">
   <int>24</int>
  </void>
  <void property="name">
   <string>Abraham Pruitt</string>
  </void>
  <void property="phone">
   <string>1-218-243-5053</string>
  </void>
  <void property="supervisorId">
   <int>16</int>
  </void>
 </object>
 <object class="JavaIITask.Employee">
  <void property="department">
   <string>Human Resources</string>
  </void>
  <void property="email">
   <string>Sebastian Nixon@ornare.com</string>
  </void>
  <void property="employeeId">
   <int>25</int>
  </void>
  <void property="name">
   <string>Sebastian Nixon</string>
  </void>
  <void property="phone">
   <string>1-201-552-0901</string>
  </void>
  <void property="supervisorId">
   <int>3</int>
  </void>
 </object>
 <object class="JavaIITask.Employee">
  <void property="department">
   <string>Payroll</string>
  </void>
  <void property="email">
   <string>Isaiah Ashley@ornare.com</string>
  </void>
  <void property="employeeId">
   <int>26</int>
  </void>
  <void property="name">
   <string>Isaiah Ashley</string>
  </void>
  <void property="phone">
   <string>1-296-405-4129</string>
  </void>
  <void property="supervisorId">
   <int>3</int>
  </void>
 </object>
 <object class="JavaIITask.Employee">
  <void property="department">
   <string>Media Relations</string>
  </void>
  <void property="email">
   <string>Blake Oneil@ornare.com</string>
  </void>
  <void property="employeeId">
   <int>27</int>
  </void>
  <void property="name">
   <string>Blake Oneil</string>
  </void>
  <void property="phone">
   <string>1-157-698-8907</string>
  </void>
  <void property="supervisorId">
   <int>8</int>
  </void>
 </object>
 <object class="JavaIITask.Employee">
  <void property="department">
   <string>Customer Relations</string>
  </void>
  <void property="email">
   <string>Aquila Hayden@ornare.com</string>
  </void>
  <void property="employeeId">
   <int>28</int>
  </void>
  <void property="name">
   <string>Aquila Hayden</string>
  </void>
  <void property="phone">
   <string>1-263-152-0230</string>
  </void>
  <void property="supervisorId">
   <int>4</int>
  </void>
 </object>
 <object class="JavaIITask.Employee">
  <void property="department">
   <string>Quality Assurance</string>
  </void>
  <void property="email">
   <string>Phelan Harrington@ornare.com</string>
  </void>
  <void property="employeeId">
   <int>29</int>
  </void>
  <void property="name">
   <string>Phelan Harrington</string>
  </void>
  <void property="phone">
   <string>1-979-382-5844</string>
  </void>
  <void property="supervisorId">
   <int>1</int>
  </void>
 </object>
 <object class="JavaIITask.Employee">
  <void property="department">
   <string>Customer Service</string>
  </void>
  <void property="email">
   <string>Herrod Stevenson@ornare.com</string>
  </void>
  <void property="employeeId">
   <int>30</int>
  </void>
  <void property="name">
   <string>Herrod Stevenson</string>
  </void>
  <void property="phone">
   <string>1-176-335-6765</string>
  </void>
  <void property="supervisorId">
   <int>6</int>
  </void>
 </object>
 <object class="JavaIITask.Employee">
  <void property="department">
   <string>Sales and Marketing</string>
  </void>
  <void property="email">
   <string>Jasper Berry@ornare.com</string>
  </void>
  <void property="employeeId">
   <int>31</int>
  </void>
  <void property="name">
   <string>Jasper Berry</string>
  </void>
  <void property="phone">
   <string>1-673-340-8942</string>
  </void>
  <void property="supervisorId">
   <int>9</int>
  </void>
 </object>
 <object class="JavaIITask.Employee">
  <void property="department">
   <string>Payroll</string>
  </void>
  <void property="email">
   <string>Armand Green@ornare.com</string>
  </void>
  <void property="employeeId">
   <int>32</int>
  </void>
  <void property="name">
   <string>Armand Green</string>
  </void>
  <void property="phone">
   <string>1-127-217-6458</string>
  </void>
  <void property="supervisorId">
   <int>3</int>
  </void>
 </object>
 <object class="JavaIITask.Employee">
  <void property="department">
   <string>Tech Support</string>
  </void>
  <void property="email">
   <string>Basil Franks@ornare.com</string>
  </void>
  <void property="employeeId">
   <int>33</int>
  </void>
  <void property="name">
   <string>Basil Franks</string>
  </void>
  <void property="phone">
   <string>1-724-588-0754</string>
  </void>
  <void property="supervisorId">
   <int>3</int>
  </void>
 </object>
 <object class="JavaIITask.Employee">
  <void property="department">
   <string>Customer Relations</string>
  </void>
  <void property="email">
   <string>Walter Blevins@ornare.com</string>
  </void>
  <void property="employeeId">
   <int>34</int>
  </void>
  <void property="name">
   <string>Walter Blevins</string>
  </void>
  <void property="phone">
   <string>1-749-657-1016</string>
  </void>
  <void property="supervisorId">
   <int>5</int>
  </void>
 </object>
 <object class="JavaIITask.Employee">
  <void property="department">
   <string>Research and Development</string>
  </void>
  <void property="email">
   <string>Kevin Moreno@ornare.com</string>
  </void>
  <void property="employeeId">
   <int>35</int>
  </void>
  <void property="name">
   <string>Kevin Moreno</string>
  </void>
  <void property="phone">
   <string>1-621-431-5091</string>
  </void>
  <void property="supervisorId">
   <int>8</int>
  </void>
 </object>
 <object class="JavaIITask.Employee">
  <void property="department">
   <string>Customer Service</string>
  </void>
  <void property="email">
   <string>Armand Cooper@ornare.com</string>
  </void>
  <void property="employeeId">
   <int>36</int>
  </void>
  <void property="name">
   <string>Armand Cooper</string>
  </void>
  <void property="phone">
   <string>1-745-896-8189</string>
  </void>
  <void property="supervisorId">
   <int>4</int>
  </void>
 </object>
 <object class="JavaIITask.Employee">
  <void property="department">
   <string>Research and Development</string>
  </void>
  <void property="email">
   <string>Devin Wynn@ornare.com</string>
  </void>
  <void property="employeeId">
   <int>37</int>
  </void>
  <void property="name">
   <string>Devin Wynn</string>
  </void>
  <void property="phone">
   <string>1-719-491-3982</string>
  </void>
  <void property="supervisorId">
   <int>8</int>
  </void>
 </object>
 <object class="JavaIITask.Employee">
  <void property="department">
   <string>Quality Assurance</string>
  </void>
  <void property="email">
   <string>Cullen English@ornare.com</string>
  </void>
  <void property="employeeId">
   <int>38</int>
  </void>
  <void property="name">
   <string>Cullen English</string>
  </void>
  <void property="phone">
   <string>1-962-192-9283</string>
  </void>
  <void property="supervisorId">
   <int>29</int>
  </void>
 </object>
 <object class="JavaIITask.Employee">
  <void property="department">
   <string>Tech Support</string>
  </void>
  <void property="email">
   <string>Austin Small@ornare.com</string>
  </void>
  <void property="employeeId">
   <int>39</int>
  </void>
  <void property="name">
   <string>Austin Small</string>
  </void>
  <void property="phone">
   <string>1-418-600-5411</string>
  </void>
  <void property="supervisorId">
   <int>3</int>
  </void>
 </object>
 <object class="JavaIITask.Employee">
  <void property="department">
   <string>Quality Assurance</string>
  </void>
  <void property="email">
   <string>Steven Knight@ornare.com</string>
  </void>
  <void property="employeeId">
   <int>40</int>
  </void>
  <void property="name">
   <string>Steven Knight</string>
  </void>
  <void property="phone">
   <string>1-656-700-8126</string>
  </void>
  <void property="supervisorId">
   <int>29</int>
  </void>
 </object>
 <object class="JavaIITask.Employee">
  <void property="department">
   <string>Quality Assurance</string>
  </void>
  <void property="email">
   <string>Brent Martin@ornare.com</string>
  </void>
  <void property="employeeId">
   <int>41</int>
  </void>
  <void property="name">
   <string>Brent Martin</string>
  </void>
  <void property="phone">
   <string>1-286-267-3233</string>
  </void>
  <void property="supervisorId">
   <int>29</int>
  </void>
 </object>
 <object class="JavaIITask.Employee">
  <void property="department">
   <string>Payroll</string>
  </void>
  <void property="email">
   <string>Dalton Mcbride@ornare.com</string>
  </void>
  <void property="employeeId">
   <int>42</int>
  </void>
  <void property="name">
   <string>Dalton Mcbride</string>
  </void>
  <void property="phone">
   <string>1-742-575-8181</string>
  </void>
  <void property="supervisorId">
   <int>26</int>
  </void>
 </object>
 <object class="JavaIITask.Employee">
  <void property="department">
   <string>Finances</string>
  </void>
  <void property="email">
   <string>Bernard Trevino@ornare.com</string>
  </void>
  <void property="employeeId">
   <int>43</int>
  </void>
  <void property="name">
   <string>Bernard Trevino</string>
  </void>
  <void property="phone">
   <string>1-856-348-1604</string>
  </void>
  <void property="supervisorId">
   <int>20</int>
  </void>
 </object>
 <object class="JavaIITask.Employee">
  <void property="department">
   <string>Customer Service</string>
  </void>
  <void property="email">
   <string>Gannon Hays@ornare.com</string>
  </void>
  <void property="employeeId">
   <int>44</int>
  </void>
  <void property="name">
   <string>Gannon Hays</string>
  </void>
  <void property="phone">
   <string>1-178-984-0372</string>
  </void>
  <void property="supervisorId">
   <int>36</int>
  </void>
 </object>
 <object class="JavaIITask.Employee">
  <void property="department">
   <string>Media Relations</string>
  </void>
  <void property="email">
   <string>Demetrius Levy@ornare.com</string>
  </void>
  <void property="employeeId">
   <int>45</int>
  </void>
  <void property="name">
   <string>Demetrius Levy</string>
  </void>
  <void property="phone">
   <string>1-924-527-2534</string>
  </void>
  <void property="supervisorId">
   <int>27</int>
  </void>
 </object>
 <object class="JavaIITask.Employee">
  <void property="department">
   <string>Accounting</string>
  </void>
  <void property="email">
   <string>Kennedy Mercado@ornare.com</string>
  </void>
  <void property="employeeId">
   <int>46</int>
  </void>
  <void property="name">
   <string>Kennedy Mercado</string>
  </void>
  <void property="phone">
   <string>1-608-424-6748</string>
  </void>
  <void property="supervisorId">
   <int>16</int>
  </void>
 </object>
 <object class="JavaIITask.Employee">
  <void property="department">
   <string>Legal Department</string>
  </void>
  <void property="email">
   <string>Graham Contreras@ornare.com</string>
  </void>
  <void property="employeeId">
   <int>47</int>
  </void>
  <void property="name">
   <string>Graham Contreras</string>
  </void>
  <void property="phone">
   <string>1-474-841-2254</string>
  </void>
  <void property="supervisorId">
   <int>1</int>
  </void>
 </object>
 <object class="JavaIITask.Employee">
  <void property="department">
   <string>Accounting</string>
  </void>
  <void property="email">
   <string>Damon Hahn@ornare.com</string>
  </void>
  <void property="employeeId">
   <int>48</int>
  </void>
  <void property="name">
   <string>Damon Hahn</string>
  </void>
  <void property="phone">
   <string>1-908-120-6781</string>
  </void>
  <void property="supervisorId">
   <int>16</int>
  </void>
 </object>
 <object class="JavaIITask.Employee">
  <void property="department">
   <string>Sales and Marketing</string>
  </void>
  <void property="email">
   <string>Ryan Richards@ornare.com</string>
  </void>
  <void property="employeeId">
   <int>49</int>
  </void>
  <void property="name">
   <string>Ryan Richards</string>
  </void>
  <void property="phone">
   <string>1-790-857-6676</string>
  </void>
  <void property="supervisorId">
   <int>9</int>
  </void>
 </object>
 <object class="JavaIITask.Employee">
  <void property="department">
   <string>Payroll</string>
  </void>
  <void property="email">
   <string>Hashim Blanchard@ornare.com</string>
  </void>
  <void property="employeeId">
   <int>50</int>
  </void>
  <void property="name">
   <string>Hashim Blanchard</string>
  </void>
  <void property="phone">
   <string>1-625-392-0629</string>
  </void>
  <void property="supervisorId">
   <int>26</int>
  </void>
 </object>
 <object class="JavaIITask.Employee">
  <void property="department">
   <string>Quality Assurance</string>
  </void>
  <void property="email">
   <string>Jakeem Snyder@ornare.com</string>
  </void>
  <void property="employeeId">
   <int>51</int>
  </void>
  <void property="name">
   <string>Jakeem Snyder</string>
  </void>
  <void property="phone">
   <string>1-588-894-0836</string>
  </void>
  <void property="supervisorId">
   <int>29</int>
  </void>
 </object>
 <object class="JavaIITask.Employee">
  <void property="department">
   <string>Media Relations</string>
  </void>
  <void property="email">
   <string>Jerome Huffman@ornare.com</string>
  </void>
  <void property="employeeId">
   <int>52</int>
  </void>
  <void property="name">
   <string>Jerome Huffman</string>
  </void>
  <void property="phone">
   <string>1-733-231-5046</string>
  </void>
  <void property="supervisorId">
   <int>27</int>
  </void>
 </object>
 <object class="JavaIITask.Employee">
  <void property="department">
   <string>Research and Development</string>
  </void>
  <void property="email">
   <string>Eaton Kelley@ornare.com</string>
  </void>
  <void property="employeeId">
   <int>53</int>
  </void>
  <void property="name">
   <string>Eaton Kelley</string>
  </void>
  <void property="phone">
   <string>1-758-809-2769</string>
  </void>
  <void property="supervisorId">
   <int>35</int>
  </void>
 </object>
 <object class="JavaIITask.Employee">
  <void property="department">
   <string>Research and Development</string>
  </void>
  <void property="email">
   <string>Gage Mccormick@ornare.com</string>
  </void>
  <void property="employeeId">
   <int>54</int>
  </void>
  <void property="name">
   <string>Gage Mccormick</string>
  </void>
  <void property="phone">
   <string>1-626-553-1468</string>
  </void>
  <void property="supervisorId">
   <int>35</int>
  </void>
 </object>
 <object class="JavaIITask.Employee">
  <void property="department">
   <string>Sales and Marketing</string>
  </void>
  <void property="email">
   <string>Boris Potts@ornare.com</string>
  </void>
  <void property="employeeId">
   <int>55</int>
  </void>
  <void property="name">
   <string>Boris Potts</string>
  </void>
  <void property="phone">
   <string>1-152-477-0600</string>
  </void>
  <void property="supervisorId">
   <int>9</int>
  </void>
 </object>
 <object class="JavaIITask.Employee">
  <void property="department">
   <string>Legal Department</string>
  </void>
  <void property="email">
   <string>Alvin Craig@ornare.com</string>
  </void>
  <void property="employeeId">
   <int>56</int>
  </void>
  <void property="name">
   <string>Alvin Craig</string>
  </void>
  <void property="phone">
   <string>1-749-546-5471</string>
  </void>
  <void property="supervisorId">
   <int>47</int>
  </void>
 </object>
 <object class="JavaIITask.Employee">
  <void property="department">
   <string>Legal Department</string>
  </void>
  <void property="email">
   <string>Garth Kirk@ornare.com</string>
  </void>
  <void property="employeeId">
   <int>57</int>
  </void>
  <void property="name">
   <string>Garth Kirk</string>
  </void>
  <void property="phone">
   <string>1-799-444-1612</string>
  </void>
  <void property="supervisorId">
   <int>47</int>
  </void>
 </object>
 <object class="JavaIITask.Employee">
  <void property="department">
   <string>Customer Relations</string>
  </void>
  <void property="email">
   <string>Rudyard Lara@ornare.com</string>
  </void>
  <void property="employeeId">
   <int>58</int>
  </void>
  <void property="name">
   <string>Rudyard Lara</string>
  </void>
  <void property="phone">
   <string>1-210-626-7522</string>
  </void>
  <void property="supervisorId">
   <int>5</int>
  </void>
 </object>
 <object class="JavaIITask.Employee">
  <void property="department">
   <string>Research and Development</string>
  </void>
  <void property="email">
   <string>Deacon Pruitt@ornare.com</string>
  </void>
  <void property="employeeId">
   <int>59</int>
  </void>
  <void property="name">
   <string>Deacon Pruitt</string>
  </void>
  <void property="phone">
   <string>1-280-865-0882</string>
  </void>
  <void property="supervisorId">
   <int>35</int>
  </void>
 </object>
 <object class="JavaIITask.Employee">
  <void property="department">
   <string>Legal Department</string>
  </void>
  <void property="email">
   <string>Clark Tate@ornare.com</string>
  </void>
  <void property="employeeId">
   <int>60</int>
  </void>
  <void property="name">
   <string>Clark Tate</string>
  </void>
  <void property="phone">
   <string>1-495-903-7219</string>
  </void>
  <void property="supervisorId">
   <int>47</int>
  </void>
 </object>
</java>
