<?xml version="1.0" encoding="UTF-8" standalone="yes"?><hero xmlns="http://www.example.org/HeroSchema"><general><heroName>Bob</heroName><male>true</male><nemisis>Fred</nemisis><power>Strength, The Force</power><weakness>too nice</weakness><sidekick>true</sidekick></general><secretIdentity><name>Dean</name><birthdate>January/0/0</birthdate><origin>Rock</origin><job>Pizza Hut</job><lair>Pizza Factory</lair><secretKeeper>Berry</secretKeeper></secretIdentity><costume><file>0</file><hair>-13421569</hair><logo>-16724788</logo><boot>-205</boot><skin>-13108</skin><costume>-6750055</costume><glove>-16711681</glove><cape>-256</cape><underwear>-52429</underwear><belt>-256</belt></costume></hero>