<?xml version="1.0" encoding="UTF-8" standalone="yes"?><hero xmlns="http://www.example.org/HeroSchema"><general><male>true</male><nemisis>Tyzeridiot</nemisis><power>Telekenisis</power><weakness>Stronger Telekenisis</weakness><sidekick>true</sidekick></general><secretIdentity><name>Sage Smith</name><birthdate>July/6/18</birthdate><origin>Earth</origin><job>Computer Programming</job><lair>Smith Residence</lair><secretKeeper>Buffy Smith, Brian Smith</secretKeeper></secretIdentity><costume><file>sage</file><hair>java.awt.Color[r=204,g=153,b=0]</hair><logo>java.awt.Color[r=255,g=0,b=0]</logo><boot>java.awt.Color[r=255,g=51,b=51]</boot><skin>java.awt.Color[r=255,g=204,b=204]</skin><costume>java.awt.Color[r=255,g=255,b=102]</costume><glove>java.awt.Color[r=255,g=0,b=51]</glove><cape>java.awt.Color[r=51,g=51,b=0]</cape><underwear>java.awt.Color[r=51,g=51,b=0]</underwear><belt>java.awt.Color[r=255,g=0,b=0]</belt></costume></hero>