<?xml version="1.0" encoding="UTF-8" standalone="yes"?><hero xmlns="http://www.example.org/HeroSchema"><general><heroName>Superdad</heroName><male>true</male><nemisis>Tiffany Ferguson</nemisis><power>Brain Power</power><weakness>Thinking He is too Smart</weakness><sidekick>true</sidekick></general><secretIdentity><name>Brian Smith</name><birthdate>January/0/0</birthdate><origin>Earth</origin><job>Northrup Grumman</job><lair>11 North Quarry Road Clancy MT 59634</lair><secretKeeper>Buffy Smith</secretKeeper></secretIdentity><costume><file>0</file><hair>-65485</hair><logo>-6711040</logo><boot>-13434829</boot><skin>-16776961</skin><costume>-13369498</costume><glove>-3342337</glove><cape>-6710785</cape><underwear>-6684775</underwear><belt>-256</belt></costume></hero>