<?xml version="1.0" encoding="UTF-8" standalone="yes"?><hero xmlns="http://www.example.org/HeroSchema"><general><heroName>Super Jeff</heroName><male>true</male><nemisis>Shig</nemisis><power>Super Attractiveness</power><weakness>ladies wanting me</weakness><sidekick>false</sidekick></general><secretIdentity><name>Charles</name><birthdate>October/25/127</birthdate><origin>Face/Bod</origin><job>To be attractive to all females</job><lair>Sages house</lair><secretKeeper>Angel</secretKeeper></secretIdentity><costume><file>0</file><hair>-52</hair><logo>-6750208</logo><boot>-10027162</boot><skin>-52429</skin><costume>-13434625</costume><glove>-10040320</glove><cape>-65332</cape><underwear>-6684673</underwear><belt>-13421824</belt></costume></hero>