<?xml version="1.0" encoding="UTF-8" standalone="yes"?><hero xmlns="http://www.example.org/HeroSchema"><general><heroName>Taylor the Terrible</heroName><male>false</male><nemisis>Manly Matt</nemisis><power>Physic Telekenisis</power><weakness>optimism</weakness><sidekick>false</sidekick></general><secretIdentity><name>Taylor Wilkerson</name><birthdate>February/30/2012</birthdate><origin>the Dark side of the Moon</origin><job>To spread cynicism</job><lair>Cream Cheese</lair><secretKeeper>Sage, Shannon</secretKeeper></secretIdentity><costume><file>0</file><hair>-3355648</hair><logo>-65536</logo><boot>-16777216</boot><skin>-154</skin><costume>-10092442</costume><glove>-16777216</glove><cape>-65536</cape><underwear>-65536</underwear><belt>-16777216</belt></costume></hero>